soham,0,115,Down,1772379072528
soham,0,115,Up,1772379072625
soham,0,111,Down,1772379072642
soham,0,111,Up,1772379072704
soham,0,104,Down,1772379072867
soham,0,104,Up,1772379072944
soham,0,97,Down,1772379072983
soham,0,97,Up,1772379073093
soham,0,109,Down,1772379073159
soham,0,109,Up,1772379073236
soham,0,49,Down,1772379073616
soham,0,49,Up,1772379073677
soham,0,50,Down,1772379073747
soham,0,50,Up,1772379073805
soham,0,51,Down,1772379073902
soham,0,51,Up,1772379074013
soham,0,52,Down,1772379074079
soham,0,52,Up,1772379074177
soham,0,64,Down,1772379074399
soham,0,64,Up,1772379074464
soham,1,115,Down,1772379075974
soham,1,111,Down,1772379076056
soham,1,115,Up,1772379076071
soham,1,111,Up,1772379076119
soham,1,104,Down,1772379076265
soham,1,104,Up,1772379076328
soham,1,97,Down,1772379076375
soham,1,97,Up,1772379076459
soham,1,109,Down,1772379076498
soham,1,109,Up,1772379076566
soham,1,49,Down,1772379076932
soham,1,49,Up,1772379077012
soham,1,50,Down,1772379077028
soham,1,50,Up,1772379077126
soham,1,51,Down,1772379077190
soham,1,51,Up,1772379077273
soham,1,52,Down,1772379077369
soham,1,52,Up,1772379077460
soham,1,64,Down,1772379077678
soham,1,64,Up,1772379077726
soham,2,115,Down,1772379079064
soham,2,111,Down,1772379079145
soham,2,115,Up,1772379079161
soham,2,111,Up,1772379079211
soham,2,104,Down,1772379079353
soham,2,104,Up,1772379079427
soham,2,97,Down,1772379079498
soham,2,97,Up,1772379079564
soham,2,109,Down,1772379079590
soham,2,109,Up,1772379079661
soham,2,49,Down,1772379080057
soham,2,49,Up,1772379080140
soham,2,50,Down,1772379080171
soham,2,50,Up,1772379080255
soham,2,51,Down,1772379080346
soham,2,51,Up,1772379080425
soham,2,52,Down,1772379080516
soham,2,52,Up,1772379080597
soham,2,64,Down,1772379080854
soham,2,64,Up,1772379080916
soham,3,115,Down,1772379081768
soham,3,115,Up,1772379081864
soham,3,111,Down,1772379081876
soham,3,111,Up,1772379081959
soham,3,104,Down,1772379082110
soham,3,104,Up,1772379082182
soham,3,97,Down,1772379082221
soham,3,97,Up,1772379082316
soham,3,109,Down,1772379082379
soham,3,109,Up,1772379082440
soham,3,49,Down,1772379082684
soham,3,49,Up,1772379082758
soham,3,50,Down,1772379082831
soham,3,50,Up,1772379082896
soham,3,51,Down,1772379082976
soham,3,51,Up,1772379083067
soham,3,52,Down,1772379083181
soham,3,52,Up,1772379083244
soham,3,64,Down,1772379083536
soham,3,64,Up,1772379083603
soham,4,115,Down,1772379084474
soham,4,115,Up,1772379084543
soham,4,111,Down,1772379084565
soham,4,111,Up,1772379084637
soham,4,104,Down,1772379084803
soham,4,104,Up,1772379084872
soham,4,97,Down,1772379084912
soham,4,97,Up,1772379085021
soham,4,109,Down,1772379085112
soham,4,109,Up,1772379085168
soham,4,49,Down,1772379085436
soham,4,49,Up,1772379085487
soham,4,50,Down,1772379085602
soham,4,50,Up,1772379085684
soham,4,51,Down,1772379085773
soham,4,51,Up,1772379085867
soham,4,52,Down,1772379085983
soham,4,52,Up,1772379086068
soham,4,64,Down,1772379086344
soham,4,64,Up,1772379086412
soham,5,115,Down,1772379087148
soham,5,115,Up,1772379087255
soham,5,111,Down,1772379087310
soham,5,111,Up,1772379087380
soham,5,104,Down,1772379087581
soham,5,104,Up,1772379087644
soham,5,97,Down,1772379087705
soham,5,97,Up,1772379087826
soham,5,109,Down,1772379087882
soham,5,109,Up,1772379087942
soham,5,49,Down,1772379088134
soham,5,49,Up,1772379088199
soham,5,50,Down,1772379088316
soham,5,50,Up,1772379088368
soham,5,51,Down,1772379088481
soham,5,51,Up,1772379088558
soham,5,52,Down,1772379088686
soham,5,52,Up,1772379088744
soham,5,64,Down,1772379089026
soham,5,64,Up,1772379089072
soham,6,115,Down,1772379089860
soham,6,115,Up,1772379089957
soham,6,111,Down,1772379089993
soham,6,111,Up,1772379090073
soham,6,104,Down,1772379090216
soham,6,104,Up,1772379090280
soham,6,97,Down,1772379090312
soham,6,97,Up,1772379090416
soham,6,109,Down,1772379090507
soham,6,109,Up,1772379090547
soham,6,49,Down,1772379090695
soham,6,49,Up,1772379090769
soham,6,50,Down,1772379090883
soham,6,50,Up,1772379090949
soham,6,51,Down,1772379091051
soham,6,51,Up,1772379091151
soham,6,52,Down,1772379091223
soham,6,52,Up,1772379091314
soham,6,64,Down,1772379091529
soham,6,64,Up,1772379091594
soham,7,115,Down,1772379092390
soham,7,115,Up,1772379092498
soham,7,111,Down,1772379092510
soham,7,111,Up,1772379092587
soham,7,104,Down,1772379092744
soham,7,104,Up,1772379092810
soham,7,97,Down,1772379092838
soham,7,97,Up,1772379092952
soham,7,109,Down,1772379092993
soham,7,109,Up,1772379093073
soham,7,49,Down,1772379093207
soham,7,49,Up,1772379093283
soham,7,50,Down,1772379093449
soham,7,50,Up,1772379093512
soham,7,51,Down,1772379093596
soham,7,51,Up,1772379093678
soham,7,52,Down,1772379093787
soham,7,52,Up,1772379093870
soham,7,64,Down,1772379094087
soham,7,64,Up,1772379094156
soham,8,115,Down,1772379094989
soham,8,115,Up,1772379095081
soham,8,111,Down,1772379095112
soham,8,111,Up,1772379095164
soham,8,104,Down,1772379095331
soham,8,104,Up,1772379095382
soham,8,97,Down,1772379095427
soham,8,97,Up,1772379095507
soham,8,109,Down,1772379095580
soham,8,109,Up,1772379095639
soham,8,49,Down,1772379095923
soham,8,49,Up,1772379096022
soham,8,50,Down,1772379096106
soham,8,50,Up,1772379096174
soham,8,51,Down,1772379096278
soham,8,51,Up,1772379096355
soham,8,52,Down,1772379096457
soham,8,52,Up,1772379096538
soham,8,64,Down,1772379096781
soham,8,64,Up,1772379096847
soham,9,115,Down,1772379097598
soham,9,115,Up,1772379097670
soham,9,111,Down,1772379097727
soham,9,111,Up,1772379097767
soham,9,104,Down,1772379097924
soham,9,104,Up,1772379097983
soham,9,97,Down,1772379098015
soham,9,97,Up,1772379098088
soham,9,109,Down,1772379098178
soham,9,109,Up,1772379098251
soham,9,49,Down,1772379098567
soham,9,49,Up,1772379098636
soham,9,50,Down,1772379098698
soham,9,50,Up,1772379098774
soham,9,51,Down,1772379098852
soham,9,51,Up,1772379098958
soham,9,52,Down,1772379099050
soham,9,52,Up,1772379099146
soham,9,64,Down,1772379099359
soham,9,64,Up,1772379099424
soham,10,115,Down,1772379100170
soham,10,115,Up,1772379100271
soham,10,111,Down,1772379100318
soham,10,111,Up,1772379100385
soham,10,104,Down,1772379100536
soham,10,104,Up,1772379100608
soham,10,97,Down,1772379100637
soham,10,97,Up,1772379100738
soham,10,109,Down,1772379100817
soham,10,109,Up,1772379100890
soham,10,49,Down,1772379101057
soham,10,49,Up,1772379101133
soham,10,50,Down,1772379101260
soham,10,50,Up,1772379101324
soham,10,51,Down,1772379101448
soham,10,51,Up,1772379101519
soham,10,52,Down,1772379101631
soham,10,52,Up,1772379101711
soham,10,64,Down,1772379101966
soham,10,64,Up,1772379102018
soham,11,115,Down,1772379102658
soham,11,115,Up,1772379102741
soham,11,111,Down,1772379102774
soham,11,111,Up,1772379102847
soham,11,104,Down,1772379102998
soham,11,104,Up,1772379103061
soham,11,97,Down,1772379103104
soham,11,97,Up,1772379103194
soham,11,109,Down,1772379103267
soham,11,109,Up,1772379103338
soham,12,115,Down,1772379104129
soham,12,115,Up,1772379104207
soham,12,111,Down,1772379104233
soham,12,111,Up,1772379104299
soham,12,104,Down,1772379104446
soham,12,104,Up,1772379104492
soham,12,97,Down,1772379104573
soham,12,97,Up,1772379104653
soham,12,109,Down,1772379104732
soham,12,109,Up,1772379104795
soham,13,115,Down,1772379105421
soham,13,115,Up,1772379105492
soham,13,111,Down,1772379105550
soham,13,111,Up,1772379105578
soham,13,104,Down,1772379105739
soham,13,104,Up,1772379105807
soham,13,97,Down,1772379105881
soham,13,97,Up,1772379105960
soham,13,109,Down,1772379106037
soham,13,109,Up,1772379106115
soham,13,49,Down,1772379106466
soham,13,49,Up,1772379106549
soham,13,50,Down,1772379106605
soham,13,50,Up,1772379106690
soham,13,51,Down,1772379106771
soham,13,51,Up,1772379106854
soham,13,52,Down,1772379106952
soham,13,52,Up,1772379107036
soham,13,64,Down,1772379107250
soham,13,64,Up,1772379107314
soham,14,115,Down,1772379108170
soham,14,115,Up,1772379108256
soham,14,111,Down,1772379108256
soham,14,111,Up,1772379108338
soham,14,104,Down,1772379108475
soham,14,104,Up,1772379108541
soham,14,97,Down,1772379108576
soham,14,97,Up,1772379108676
soham,14,109,Down,1772379108734
soham,14,109,Up,1772379108794
soham,14,49,Down,1772379109003
soham,14,49,Up,1772379109068
soham,14,50,Down,1772379109166
soham,14,50,Up,1772379109250
soham,14,51,Down,1772379109340
soham,14,51,Up,1772379109417
soham,14,52,Down,1772379109531
soham,14,52,Up,1772379109612
soham,14,64,Down,1772379110313
soham,14,50,Up,1772379110376
soham,15,83,Down,1772379111173
soham,15,115,Up,1772379111324
soham,15,111,Down,1772379111372
soham,15,111,Up,1772379111436
soham,15,104,Down,1772379111679
soham,15,104,Up,1772379111752
soham,15,97,Down,1772379111808
soham,15,97,Up,1772379111903
soham,15,109,Down,1772379111968
soham,15,109,Up,1772379112050
soham,15,49,Down,1772379112338
soham,15,49,Up,1772379112424
soham,15,50,Down,1772379112521
soham,15,50,Up,1772379112570
soham,15,51,Down,1772379112668
soham,15,51,Up,1772379112766
soham,15,52,Down,1772379112858
soham,15,52,Up,1772379112939
soham,15,64,Down,1772379113233
soham,15,64,Up,1772379113299
soham,16,115,Down,1772379114572
soham,16,115,Up,1772379114622
soham,16,111,Down,1772379114686
soham,16,111,Up,1772379114758
soham,16,104,Down,1772379114883
soham,16,104,Up,1772379114963
soham,16,97,Down,1772379114963
soham,16,97,Up,1772379115074
soham,16,109,Down,1772379115139
soham,16,109,Up,1772379115192
soham,16,49,Down,1772379115355
soham,16,49,Up,1772379115420
soham,16,50,Down,1772379115532
soham,16,50,Up,1772379115612
soham,16,51,Down,1772379115717
soham,16,51,Up,1772379115797
soham,16,52,Down,1772379115895
soham,16,52,Up,1772379115978
soham,16,64,Down,1772379116245
soham,16,64,Up,1772379116295
soham,17,83,Down,1772379118916
soham,17,115,Up,1772379119026
soham,17,111,Down,1772379119042
soham,17,111,Up,1772379119125
soham,17,104,Down,1772379119286
soham,17,104,Up,1772379119334
soham,17,97,Down,1772379119383
soham,17,97,Up,1772379119469
soham,17,109,Down,1772379119518
soham,17,109,Up,1772379119584
soham,17,49,Down,1772379119785
soham,17,49,Up,1772379119844
soham,17,50,Down,1772379120000
soham,17,50,Up,1772379120064
soham,17,51,Down,1772379120163
soham,17,51,Up,1772379120234
soham,17,52,Down,1772379120344
soham,17,52,Up,1772379120425
soham,17,64,Down,1772379121104
soham,17,64,Up,1772379121136
soham,18,83,Down,1772379121998
soham,18,111,Down,1772379122117
soham,18,115,Up,1772379122131
soham,18,111,Up,1772379122192
soham,18,104,Down,1772379122324
soham,18,104,Up,1772379122373
soham,18,97,Down,1772379122404
soham,18,97,Up,1772379122501
soham,18,109,Down,1772379122534
soham,18,109,Up,1772379122591
soham,18,49,Down,1772379122757
soham,18,49,Up,1772379122823
soham,18,50,Down,1772379122969
soham,18,50,Up,1772379123017
soham,18,51,Down,1772379123125
soham,18,51,Up,1772379123206
soham,18,52,Down,1772379123319
soham,18,52,Up,1772379123401
soham,19,83,Down,1772379124614
soham,19,111,Down,1772379124727
soham,19,115,Up,1772379124774
soham,19,111,Up,1772379124823
soham,19,104,Down,1772379124953
soham,19,104,Up,1772379125018
soham,19,97,Down,1772379125053
soham,19,97,Up,1772379125132
soham,19,109,Down,1772379125207
soham,19,109,Up,1772379125256
soham,19,49,Down,1772379125710
soham,19,49,Up,1772379125791
soham,19,50,Down,1772379125839
soham,19,50,Up,1772379125904
soham,19,51,Down,1772379126048
soham,19,51,Up,1772379126127
soham,19,52,Down,1772379127017
soham,19,52,Up,1772379127094
soham,20,83,Down,1772379128791
soham,20,115,Up,1772379128921
soham,20,111,Down,1772379128921
soham,20,111,Up,1772379129034
soham,20,104,Down,1772379129147
soham,20,104,Up,1772379129193
soham,20,97,Down,1772379129291
soham,20,97,Up,1772379129371
soham,20,109,Down,1772379129469
soham,20,109,Up,1772379129535
soham,20,64,Down,1772379130022
soham,20,50,Up,1772379130120
soham,21,83,Down,1772379131021
soham,21,115,Up,1772379131158
soham,21,111,Down,1772379131172
soham,21,111,Up,1772379131223
soham,21,104,Down,1772379131512
soham,21,104,Up,1772379131567
soham,21,97,Down,1772379131611
soham,21,97,Up,1772379131710
soham,21,109,Down,1772379131758
soham,21,109,Up,1772379131822
soham,21,64,Down,1772379132494
soham,21,64,Up,1772379132541
soham,22,83,Down,1772379133830
soham,22,111,Down,1772379133976
soham,22,115,Up,1772379133992
soham,22,111,Up,1772379134031
soham,22,104,Down,1772379134166
soham,22,104,Up,1772379134232
soham,22,97,Down,1772379134278
soham,22,97,Up,1772379134343
soham,22,109,Down,1772379134399
soham,22,109,Up,1772379134477
soham,22,49,Down,1772379134933
soham,22,49,Up,1772379135002
soham,22,50,Down,1772379135050
soham,22,50,Up,1772379135131
soham,22,51,Down,1772379135234
soham,22,51,Up,1772379135310
soham,22,52,Down,1772379135421
soham,22,52,Up,1772379135501
soham,22,64,Down,1772379135873
soham,22,64,Up,1772379135938
ankana,0,97,Down,1772379172581
ankana,0,97,Up,1772379172684
ankana,0,110,Down,1772379172684
ankana,0,110,Up,1772379172754
ankana,0,107,Down,1772379172844
ankana,0,107,Up,1772379172934
ankana,0,97,Down,1772379172936
ankana,0,97,Up,1772379173021
ankana,0,110,Down,1772379173058
ankana,0,110,Up,1772379173119
ankana,0,97,Down,1772379173142
ankana,0,97,Up,1772379173222
ankana,1,97,Down,1772379174010
ankana,1,97,Up,1772379174092
ankana,1,110,Down,1772379174092
ankana,1,110,Up,1772379174163
ankana,1,107,Down,1772379174269
ankana,1,107,Up,1772379174339
ankana,1,97,Down,1772379174347
ankana,1,97,Up,1772379174416
ankana,1,110,Down,1772379174464
ankana,1,110,Up,1772379174539
ankana,1,97,Down,1772379174563
ankana,1,97,Up,1772379174656
ankana,2,97,Down,1772379175217
ankana,2,97,Up,1772379175315
ankana,2,110,Down,1772379175316
ankana,2,110,Up,1772379175394
ankana,2,107,Down,1772379175467
ankana,2,107,Up,1772379175554
ankana,2,97,Down,1772379175612
ankana,2,97,Up,1772379175678
ankana,2,110,Down,1772379175697
ankana,2,110,Up,1772379175747
ankana,2,97,Down,1772379175819
ankana,2,97,Up,1772379175895
ankana,3,97,Down,1772379176452
ankana,3,97,Up,1772379176569
ankana,3,110,Down,1772379176577
ankana,3,110,Up,1772379176657
ankana,3,107,Down,1772379176751
ankana,3,107,Up,1772379176841
ankana,3,97,Down,1772379176844
ankana,3,97,Up,1772379176925
ankana,3,110,Down,1772379176971
ankana,3,110,Up,1772379177052
ankana,3,97,Down,1772379177071
ankana,3,97,Up,1772379177166
ankana,4,97,Down,1772379177639
ankana,4,97,Up,1772379177774
ankana,4,110,Down,1772379177835
ankana,4,110,Up,1772379177883
ankana,4,107,Down,1772379178059
ankana,4,107,Up,1772379178124
ankana,4,97,Down,1772379178140
ankana,4,97,Up,1772379178238
ankana,4,110,Down,1772379178269
ankana,4,110,Up,1772379178333
ankana,4,97,Down,1772379178376
ankana,4,97,Up,1772379178471
ankana,5,97,Down,1772379178969
ankana,5,97,Up,1772379179089
ankana,5,110,Down,1772379179112
ankana,5,110,Up,1772379179171
ankana,5,107,Down,1772379179289
ankana,5,107,Up,1772379179367
ankana,5,97,Down,1772379179404
ankana,5,97,Up,1772379179476
ankana,5,110,Down,1772379179522
ankana,5,110,Up,1772379179588
ankana,5,97,Down,1772379179613
ankana,5,97,Up,1772379179711
ankana,6,97,Down,1772379180232
ankana,6,97,Up,1772379180319
ankana,6,110,Down,1772379180376
ankana,6,110,Up,1772379180438
ankana,6,107,Down,1772379180594
ankana,6,107,Up,1772379180646
ankana,6,97,Down,1772379180686
ankana,6,97,Up,1772379180774
ankana,6,110,Down,1772379180815
ankana,6,110,Up,1772379180886
ankana,6,97,Down,1772379180927
ankana,6,97,Up,1772379181012
ankana,7,97,Down,1772379181569
ankana,7,97,Up,1772379181663
ankana,7,110,Down,1772379181698
ankana,7,110,Up,1772379181745
ankana,7,107,Down,1772379181892
ankana,7,107,Up,1772379181957
ankana,7,97,Down,1772379181996
ankana,7,97,Up,1772379182066
ankana,7,110,Down,1772379182120
ankana,7,110,Up,1772379182176
ankana,7,97,Down,1772379182217
ankana,7,97,Up,1772379182300
ankana,8,97,Down,1772379182759
ankana,8,97,Up,1772379182875
ankana,8,110,Down,1772379183006
ankana,8,110,Up,1772379183065
ankana,8,107,Down,1772379183628
ankana,8,107,Up,1772379183690
ankana,8,97,Down,1772379183747
ankana,8,97,Up,1772379183819
ankana,8,110,Down,1772379183841
ankana,8,110,Up,1772379183910
ankana,8,97,Down,1772379183945
ankana,8,97,Up,1772379184035
ankana,9,97,Down,1772379184661
ankana,9,97,Up,1772379184741
ankana,9,110,Down,1772379184798
ankana,9,110,Up,1772379184856
ankana,9,107,Down,1772379185078
ankana,9,107,Up,1772379185165
ankana,9,97,Down,1772379185218
ankana,9,97,Up,1772379185278
ankana,9,110,Down,1772379185322
ankana,9,110,Up,1772379185377
ankana,9,97,Down,1772379185408
ankana,9,97,Up,1772379185506
ankana,10,97,Down,1772379185986
ankana,10,97,Up,1772379186069
ankana,10,110,Down,1772379186116
ankana,10,110,Up,1772379186176
ankana,10,107,Down,1772379186534
ankana,10,107,Up,1772379186599
ankana,10,97,Down,1772379186639
ankana,10,97,Up,1772379186702
ankana,10,110,Down,1772379186749
ankana,10,110,Up,1772379186826
ankana,10,97,Down,1772379186855
ankana,10,97,Up,1772379186946
ankana,11,97,Down,1772379187412
ankana,11,97,Up,1772379187493
ankana,11,110,Down,1772379187545
ankana,11,110,Up,1772379187626
ankana,11,107,Down,1772379188064
ankana,11,107,Up,1772379188127
ankana,11,97,Down,1772379188239
ankana,11,97,Up,1772379188288
ankana,11,110,Down,1772379188336
ankana,11,110,Up,1772379188384
ankana,11,97,Down,1772379188433
ankana,11,97,Up,1772379188542
ankana,12,97,Down,1772379189088
ankana,12,97,Up,1772379189185
ankana,12,110,Down,1772379189215
ankana,12,110,Up,1772379189295
ankana,12,107,Down,1772379189629
ankana,12,107,Up,1772379189695
ankana,12,97,Down,1772379189760
ankana,12,97,Up,1772379189824
ankana,12,110,Down,1772379189887
ankana,12,110,Up,1772379189935
ankana,12,97,Down,1772379189978
ankana,12,97,Up,1772379190079
ankana,13,97,Down,1772379190905
ankana,13,97,Up,1772379190985
ankana,13,110,Down,1772379191072
ankana,13,110,Up,1772379191114
ankana,13,107,Down,1772379191303
ankana,13,107,Up,1772379191373
ankana,13,97,Down,1772379191432
ankana,13,97,Up,1772379191513
ankana,13,110,Down,1772379191562
ankana,13,110,Up,1772379191628
ankana,13,97,Down,1772379191693
ankana,13,97,Up,1772379191776
ankana,14,97,Down,1772379192258
ankana,14,97,Up,1772379192344
ankana,14,110,Down,1772379192356
ankana,14,110,Up,1772379192421
ankana,14,107,Down,1772379192550
ankana,14,107,Up,1772379192598
ankana,14,97,Down,1772379192647
ankana,14,97,Up,1772379192728
ankana,14,110,Down,1772379192755
ankana,14,110,Up,1772379192846
ankana,14,97,Down,1772379192891
ankana,14,97,Up,1772379192977
ankana,15,97,Down,1772379193353
ankana,15,97,Up,1772379193418
ankana,15,110,Down,1772379193482
ankana,15,110,Up,1772379193546
ankana,15,107,Down,1772379193678
ankana,15,107,Up,1772379193756
ankana,15,97,Down,1772379193790
ankana,15,97,Up,1772379193879
ankana,15,110,Down,1772379193905
ankana,15,110,Up,1772379193986
ankana,15,97,Down,1772379194019
ankana,15,97,Up,1772379194117
ankana,16,97,Down,1772379194482
ankana,16,97,Up,1772379194589
ankana,16,110,Down,1772379194637
ankana,16,110,Up,1772379194703
ankana,16,107,Down,1772379194817
ankana,16,107,Up,1772379194892
ankana,16,97,Down,1772379194930
ankana,16,97,Up,1772379195027
ankana,16,110,Down,1772379195038
ankana,16,110,Up,1772379195108
ankana,16,97,Down,1772379195157
ankana,16,97,Up,1772379195263
ankana,17,97,Down,1772379195559
ankana,17,97,Up,1772379195640
ankana,17,110,Down,1772379195722
ankana,17,110,Up,1772379195787
ankana,17,107,Down,1772379195927
ankana,17,107,Up,1772379195992
ankana,17,97,Down,1772379196040
ankana,17,97,Up,1772379196105
ankana,17,110,Down,1772379196170
ankana,17,110,Up,1772379196234
ankana,17,97,Down,1772379196250
ankana,17,97,Up,1772379196364
ankana,18,97,Down,1772379196643
ankana,18,97,Up,1772379196741
ankana,18,110,Down,1772379196823
ankana,18,110,Up,1772379196855
ankana,18,107,Down,1772379196969
ankana,18,107,Up,1772379197055
ankana,18,97,Down,1772379197120
ankana,18,97,Up,1772379197195
ankana,18,110,Down,1772379197217
ankana,18,110,Up,1772379197295
ankana,18,97,Down,1772379197379
ankana,18,97,Up,1772379197459
ankana,19,97,Down,1772379197852
ankana,19,97,Up,1772379197964
ankana,19,110,Down,1772379197997
ankana,19,110,Up,1772379198060
ankana,19,107,Down,1772379198170
ankana,19,107,Up,1772379198250
ankana,19,97,Down,1772379198282
ankana,19,97,Up,1772379198380
ankana,19,110,Down,1772379198412
ankana,19,110,Up,1772379198475
ankana,19,97,Down,1772379198538
ankana,19,97,Up,1772379198660
ankana,20,97,Down,1772379198982
ankana,20,97,Up,1772379199094
ankana,20,110,Down,1772379199125
ankana,20,110,Up,1772379199173
ankana,20,107,Down,1772379199358
ankana,20,107,Up,1772379199415
ankana,20,97,Down,1772379199462
ankana,20,97,Up,1772379199546
ankana,20,110,Down,1772379199576
ankana,20,110,Up,1772379199638
ankana,20,97,Down,1772379199699
ankana,20,97,Up,1772379199788
ankana,21,97,Down,1772379200125
ankana,21,97,Up,1772379200217
ankana,21,110,Down,1772379200278
ankana,21,110,Up,1772379200336
ankana,21,107,Down,1772379200584
ankana,21,107,Up,1772379200649
ankana,21,97,Down,1772379200736
ankana,21,97,Up,1772379200804
ankana,21,110,Down,1772379200848
ankana,21,110,Up,1772379200904
ankana,21,97,Down,1772379200961
ankana,21,97,Up,1772379201058
Sayantan,0,83,Down,1772621169566
Sayantan,0,97,Down,1772621169802
Sayantan,0,115,Up,1772621169861
Sayantan,0,97,Up,1772621169931
Sayantan,0,115,Down,1772621171444
Sayantan,0,97,Down,1772621171627
Sayantan,0,115,Up,1772621171708
Sayantan,0,97,Up,1772621171757
Sayantan,0,115,Down,1772621173869
Sayantan,0,97,Down,1772621174013
Sayantan,0,115,Up,1772621174058
Sayantan,0,97,Up,1772621174162
Sayantan,0,116,Down,1772621174421
Sayantan,0,116,Up,1772621174484
Sayantan,0,115,Down,1772621177565
Sayantan,0,97,Down,1772621177742
Sayantan,0,115,Up,1772621177788
Sayantan,0,97,Up,1772621177893
Sayantan,0,121,Down,1772621178068
Sayantan,0,121,Up,1772621178145
Sayantan,0,97,Down,1772621178195
Sayantan,0,97,Up,1772621178341
Sayantan,0,110,Down,1772621178382
Sayantan,0,110,Up,1772621178479
Sayantan,0,116,Down,1772621178662
Sayantan,0,116,Up,1772621178740
Sayantan,0,97,Down,1772621178769
Sayantan,0,97,Up,1772621178909
Sayantan,0,110,Down,1772621178954
Sayantan,0,110,Up,1772621179045
Sayantan,0,64,Down,1772621179960
Sayantan,0,50,Up,1772621180089
Sayantan,0,49,Down,1772621180636
Sayantan,0,49,Up,1772621180718
Sayantan,0,57,Down,1772621181047
Sayantan,0,57,Up,1772621181123
Sayantan,1,83,Down,1772621183739
Sayantan,1,97,Down,1772621183878
Sayantan,1,115,Up,1772621183932
Sayantan,1,97,Up,1772621183994
Sayantan,1,121,Down,1772621184062
Sayantan,1,121,Up,1772621184139
Sayantan,1,97,Down,1772621184226
Sayantan,1,97,Up,1772621184360
Sayantan,1,110,Down,1772621184386
Sayantan,1,110,Up,1772621184462
Sayantan,1,116,Down,1772621184626
Sayantan,1,116,Up,1772621184696
Sayantan,1,97,Down,1772621184746
Sayantan,1,97,Up,1772621184884
Sayantan,1,110,Down,1772621184903
Sayantan,1,110,Up,1772621184987
Sayantan,1,64,Down,1772621185446
Sayantan,1,50,Up,1772621185582
Sayantan,1,49,Down,1772621186415
Sayantan,1,49,Up,1772621186512
Sayantan,1,52,Down,1772621187146
Sayantan,1,52,Up,1772621187223
Sayantan,1,57,Down,1772621188741
Sayantan,1,57,Up,1772621188803
Sayantan,2,83,Down,1772621190338
Sayantan,2,97,Down,1772621190521
Sayantan,2,115,Up,1772621190614
Sayantan,2,97,Up,1772621190649
Sayantan,2,121,Down,1772621190755
Sayantan,2,116,Down,1772621190773
Sayantan,2,116,Up,1772621190806
Sayantan,2,121,Up,1772621190826
Sayantan,2,83,Down,1772621194488
Sayantan,2,97,Down,1772621194670
Sayantan,2,115,Up,1772621194715
Sayantan,2,97,Up,1772621194841
Sayantan,2,121,Down,1772621194928
Sayantan,2,121,Up,1772621194991
Sayantan,2,97,Down,1772621195075
Sayantan,2,97,Up,1772621195200
Sayantan,2,110,Down,1772621195219
Sayantan,2,110,Up,1772621195303
Sayantan,2,116,Down,1772621195455
Sayantan,2,116,Up,1772621195532
Sayantan,2,97,Down,1772621195600
Sayantan,2,97,Up,1772621195726
Sayantan,2,110,Down,1772621195744
Sayantan,2,110,Up,1772621195842
Sayantan,2,64,Down,1772621196248
Sayantan,2,50,Up,1772621196307
Sayantan,2,49,Down,1772621196869
Sayantan,2,49,Up,1772621196981
Sayantan,2,57,Down,1772621197445
Sayantan,2,57,Up,1772621197515
Sayantan,3,83,Down,1772621198458
Sayantan,3,97,Down,1772621198605
Sayantan,3,115,Up,1772621198700
Sayantan,3,97,Up,1772621198749
Sayantan,3,121,Down,1772621199405
Sayantan,3,121,Up,1772621199488
Sayantan,3,97,Down,1772621199858
Sayantan,3,97,Up,1772621199984
Sayantan,3,110,Down,1772621200147
Sayantan,3,110,Up,1772621200224
Sayantan,3,116,Down,1772621200388
Sayantan,3,116,Up,1772621200451
Sayantan,3,97,Down,1772621200546
Sayantan,3,97,Up,1772621200700
Sayantan,3,110,Down,1772621200710
Sayantan,3,110,Up,1772621200808
Sayantan,3,64,Down,1772621201236
Sayantan,3,50,Up,1772621201303
Sayantan,3,50,Down,1772621201432
Sayantan,3,50,Up,1772621201516
Sayantan,3,53,Down,1772621201989
Sayantan,3,53,Up,1772621202052
Sayantan,3,53,Down,1772621202120
Sayantan,3,53,Up,1772621202204
Sayantan,4,83,Down,1772621203775
Sayantan,4,97,Down,1772621203929
Sayantan,4,115,Up,1772621204003
Sayantan,4,97,Up,1772621204086
Sayantan,4,121,Down,1772621204124
Sayantan,4,121,Up,1772621204194
Sayantan,4,97,Down,1772621204304
Sayantan,4,97,Up,1772621204450
Sayantan,4,110,Down,1772621204480
Sayantan,4,110,Up,1772621204571
Sayantan,4,116,Down,1772621204762
Sayantan,4,116,Up,1772621204825
Sayantan,4,97,Down,1772621204905
Sayantan,4,97,Up,1772621205037
Sayantan,4,110,Down,1772621205079
Sayantan,4,110,Up,1772621205176
Sayantan,4,64,Down,1772621205556
Sayantan,4,50,Up,1772621205636
Sayantan,4,50,Down,1772621207384
Sayantan,4,50,Up,1772621207490
Sayantan,4,53,Down,1772621207709
Sayantan,4,53,Up,1772621207773
Sayantan,4,53,Down,1772621207829
Sayantan,4,53,Up,1772621207907
Sayantan,5,83,Down,1772621209274
Sayantan,5,97,Down,1772621209436
Sayantan,5,115,Up,1772621209501
Sayantan,5,97,Up,1772621209585
Sayantan,5,121,Down,1772621209745
Sayantan,5,121,Up,1772621209822
Sayantan,5,97,Down,1772621209901
Sayantan,5,97,Up,1772621210041
Sayantan,5,110,Down,1772621210057
Sayantan,5,110,Up,1772621210132
Sayantan,5,116,Down,1772621210285
Sayantan,5,116,Up,1772621210349
Sayantan,5,97,Down,1772621210401
Sayantan,5,97,Up,1772621210540
Sayantan,5,110,Down,1772621210559
Sayantan,5,110,Up,1772621210670
Sayantan,5,64,Down,1772621211096
Sayantan,5,64,Up,1772621211156
Sayantan,5,49,Down,1772621211476
Sayantan,5,49,Up,1772621211587
Sayantan,5,57,Down,1772621211999
Sayantan,5,57,Up,1772621212062
Sayantan,6,83,Down,1772621213003
Sayantan,6,97,Down,1772621213122
Sayantan,6,115,Up,1772621213209
Sayantan,6,97,Up,1772621213266
Sayantan,6,121,Down,1772621213365
Sayantan,6,121,Up,1772621213441
Sayantan,6,97,Down,1772621213525
Sayantan,6,97,Up,1772621213671
Sayantan,6,110,Down,1772621213693
Sayantan,6,110,Up,1772621213770
Sayantan,6,116,Down,1772621213961
Sayantan,6,116,Up,1772621214017
Sayantan,6,97,Down,1772621214089
Sayantan,6,97,Up,1772621214221
Sayantan,6,110,Down,1772621214244
Sayantan,6,110,Up,1772621214334
Sayantan,6,64,Down,1772621214883
Sayantan,6,50,Up,1772621214941
Sayantan,6,48,Down,1772621217152
Sayantan,6,48,Up,1772621217236
Sayantan,6,53,Down,1772621217865
Sayantan,6,53,Up,1772621217949
Sayantan,6,49,Down,1772621218015
Sayantan,6,49,Up,1772621218146
Sayantan,6,52,Down,1772621218172
Sayantan,6,52,Up,1772621218249
Sayantan,7,83,Down,1772621220403
Sayantan,7,97,Down,1772621220521
Sayantan,7,115,Up,1772621220629
Sayantan,7,97,Up,1772621220657
Sayantan,7,121,Down,1772621220776
Sayantan,7,121,Up,1772621220826
Sayantan,7,97,Down,1772621220908
Sayantan,7,110,Down,1772621221016
Sayantan,7,97,Up,1772621221055
Sayantan,7,110,Up,1772621221111
Sayantan,7,116,Down,1772621221244
Sayantan,7,116,Up,1772621221328
Sayantan,7,97,Down,1772621221351
Sayantan,7,97,Up,1772621221490
Sayantan,7,110,Down,1772621221508
Sayantan,7,110,Up,1772621221606
Sayantan,7,33,Down,1772621222276
Sayantan,7,64,Down,1772621222277
Sayantan,7,33,Up,1772621222364
Sayantan,7,64,Up,1772621222408
Sayantan,7,83,Down,1772621226200
Sayantan,7,97,Down,1772621226298
Sayantan,7,115,Up,1772621226393
Sayantan,7,97,Up,1772621226476
Sayantan,7,121,Down,1772621226552
Sayantan,7,121,Up,1772621226636
Sayantan,7,97,Down,1772621226727
Sayantan,7,110,Down,1772621226815
Sayantan,7,97,Up,1772621226888
Sayantan,7,110,Up,1772621226902
Sayantan,7,116,Down,1772621227058
Sayantan,7,116,Up,1772621227142
Sayantan,7,78,Down,1772621227363
Sayantan,7,110,Up,1772621227454
Sayantan,7,83,Down,1772621231732
Sayantan,7,83,Up,1772621231875
Sayantan,7,35,Down,1772621232364
Sayantan,7,36,Down,1772621232388
Sayantan,7,52,Up,1772621232409
Sayantan,7,51,Up,1772621232417
Sayantan,7,83,Down,1772621232999
Sayantan,7,83,Up,1772621233053
Sayantan,7,97,Down,1772621233529
Sayantan,7,97,Up,1772621233653
Sayantan,7,121,Down,1772621233913
Sayantan,7,121,Up,1772621233983
Sayantan,7,97,Down,1772621234043
Sayantan,7,97,Up,1772621234189
Sayantan,7,110,Down,1772621234220
Sayantan,7,110,Up,1772621234310
Sayantan,7,84,Down,1772621234500
Sayantan,7,84,Up,1772621234566
Sayantan,7,83,Down,1772621239217
Sayantan,7,115,Up,1772621239405
Sayantan,7,97,Down,1772621239405
Sayantan,7,97,Up,1772621239475
Sayantan,7,83,Down,1772621241311
Sayantan,7,115,Up,1772621241427
Sayantan,7,35,Down,1772621241907
Sayantan,7,51,Up,1772621241957
Sayantan,7,83,Down,1772621242239
Sayantan,7,83,Up,1772621242299
Sayantan,7,97,Down,1772621242393
Sayantan,7,97,Up,1772621242457
Sayantan,7,121,Down,1772621242968
Sayantan,7,121,Up,1772621243017
Sayantan,7,97,Down,1772621243077
Sayantan,7,97,Up,1772621243238
Sayantan,7,110,Down,1772621243249
Sayantan,7,110,Up,1772621243312
Sayantan,7,116,Down,1772621243464
Sayantan,7,116,Up,1772621243542
Sayantan,7,78,Down,1772621243790
Sayantan,7,78,Up,1772621243857
Sayantan,7,83,Down,1772621249676
Sayantan,7,115,Up,1772621249825
Sayantan,7,35,Down,1772621250325
Sayantan,7,51,Up,1772621250378
Sayantan,7,83,Down,1772621250654
Sayantan,7,115,Up,1772621250707
Sayantan,7,97,Down,1772621250814
Sayantan,7,97,Up,1772621250877
Sayantan,7,121,Down,1772621251292
Sayantan,7,121,Up,1772621251370
Sayantan,7,97,Down,1772621251449
Sayantan,7,97,Up,1772621251588
Sayantan,7,110,Down,1772621251752
Sayantan,7,110,Up,1772621251850
Sayantan,7,116,Down,1772621252010
Sayantan,7,116,Up,1772621252080
Sayantan,7,97,Down,1772621252156
Sayantan,7,97,Up,1772621252289
Sayantan,7,110,Down,1772621252315
Sayantan,7,110,Up,1772621252391
Sayantan,7,64,Down,1772621252797
Sayantan,7,50,Up,1772621252857
Sayantan,7,50,Down,1772621252994
Sayantan,7,50,Up,1772621253071
Sayantan,7,53,Down,1772621253468
Sayantan,7,53,Up,1772621253530
Sayantan,7,53,Down,1772621253595
Sayantan,7,53,Up,1772621253672
Sayantan,8,83,Down,1772621255519
Sayantan,8,83,Up,1772621255586
Sayantan,8,35,Down,1772621256907
Sayantan,8,51,Up,1772621256973
Sayantan,8,83,Down,1772621257237
Sayantan,8,83,Up,1772621257282
Sayantan,8,97,Down,1772621257381
Sayantan,8,97,Up,1772621257450
Sayantan,8,121,Down,1772621257798
Sayantan,8,121,Up,1772621257867
Sayantan,8,97,Down,1772621257939
Sayantan,8,97,Up,1772621258085
Sayantan,8,110,Down,1772621258146
Sayantan,8,109,Down,1772621258146
Sayantan,8,110,Up,1772621258205
Sayantan,8,109,Up,1772621258213
Sayantan,8,110,Down,1772621260225
Sayantan,8,110,Up,1772621260309
Sayantan,8,116,Down,1772621260549
Sayantan,8,116,Up,1772621260605
Sayantan,8,97,Down,1772621260704
Sayantan,8,97,Up,1772621260836
Sayantan,8,110,Down,1772621260874
Sayantan,8,110,Up,1772621260945
Sayantan,8,64,Down,1772621261359
Sayantan,8,50,Up,1772621261417
Sayantan,8,50,Down,1772621261524
Sayantan,8,50,Up,1772621261608
Sayantan,8,53,Down,1772621262073
Sayantan,8,53,Up,1772621262137
Sayantan,8,53,Down,1772621262220
Sayantan,8,53,Up,1772621262303
Sayantan,9,109,Down,1772621263914
Sayantan,9,109,Up,1772621263991
Sayantan,9,120,Down,1772621264246
Sayantan,9,120,Up,1772621264344
Sayantan,9,84,Down,1772621265315
Sayantan,9,84,Up,1772621265382
Sayantan,9,109,Down,1772621267261
Sayantan,9,109,Up,1772621267337
Sayantan,9,99,Down,1772621267749
Sayantan,9,99,Up,1772621267791
Sayantan,9,120,Down,1772621268547
Sayantan,9,120,Up,1772621268693
Sayantan,9,109,Down,1772621270550
Sayantan,9,109,Up,1772621270641
Sayantan,9,120,Down,1772621270946
Sayantan,9,120,Up,1772621271009
Sayantan,9,84,Down,1772621271350
Sayantan,9,116,Up,1772621271406
Sayantan,9,117,Down,1772621271614
Sayantan,9,117,Up,1772621271677
Sayantan,9,103,Down,1772621271830
Sayantan,9,103,Up,1772621271899
Sayantan,9,104,Down,1772621272861
Sayantan,9,104,Up,1772621272917
Sayantan,9,105,Down,1772621273043
Sayantan,9,105,Up,1772621273106
Sayantan,9,110,Down,1772621273270
Sayantan,9,110,Up,1772621273354
Sayantan,9,97,Down,1772621273445
Sayantan,9,97,Up,1772621273556
Sayantan,9,64,Down,1772621273996
Sayantan,9,50,Up,1772621274077
Sayantan,9,49,Down,1772621274252
Sayantan,9,49,Up,1772621274322
Sayantan,9,52,Down,1772621274925
Sayantan,9,52,Up,1772621275009
Sayantan,10,109,Down,1772621276005
Sayantan,10,109,Up,1772621276089
Sayantan,10,120,Down,1772621276233
Sayantan,10,120,Up,1772621276353
Sayantan,10,84,Down,1772621276826
Sayantan,10,116,Up,1772621276876
Sayantan,10,117,Down,1772621277139
Sayantan,10,117,Up,1772621277209
Sayantan,10,103,Down,1772621277422
Sayantan,10,103,Up,1772621277485
Sayantan,10,104,Down,1772621278076
Sayantan,10,104,Up,1772621278153
Sayantan,10,105,Down,1772621278259
Sayantan,10,117,Down,1772621278270
Sayantan,10,117,Up,1772621278308
Sayantan,10,105,Up,1772621278316
Sayantan,10,110,Down,1772621278789
Sayantan,10,110,Up,1772621278879
Sayantan,10,97,Down,1772621278948
Sayantan,10,97,Up,1772621279059
Sayantan,10,64,Down,1772621279564
Sayantan,10,50,Up,1772621279630
Sayantan,10,49,Down,1772621279787
Sayantan,10,49,Up,1772621279863
Sayantan,10,52,Down,1772621280375
Sayantan,10,52,Up,1772621280437
Sayantan,11,109,Down,1772621281312
Sayantan,11,109,Up,1772621281389
Sayantan,11,120,Down,1772621281549
Sayantan,11,120,Up,1772621281632
Sayantan,11,84,Down,1772621282039
Sayantan,11,116,Up,1772621282085
Sayantan,11,117,Down,1772621282333
Sayantan,11,117,Up,1772621282410
Sayantan,11,104,Down,1772621282577
Sayantan,11,104,Up,1772621282640
Sayantan,11,105,Down,1772621282808
Sayantan,11,105,Up,1772621282885
Sayantan,11,110,Down,1772621283075
Sayantan,11,110,Up,1772621283159
Sayantan,11,97,Down,1772621283296
Sayantan,11,97,Up,1772621283388
Sayantan,11,50,Down,1772621283787
Sayantan,11,50,Up,1772621283857
Sayantan,11,49,Down,1772621283956
Sayantan,11,49,Up,1772621284026
Sayantan,11,52,Down,1772621284537
Sayantan,11,52,Up,1772621284627
Sayantan,0,98,Down,1772623428655
Sayantan,0,98,Up,1772623428732
Sayantan,0,105,Down,1772623429248
Sayantan,0,105,Up,1772623429318
Sayantan,0,111,Down,1772623429444
Sayantan,0,111,Up,1772623429527
Sayantan,0,109,Down,1772623429737
Sayantan,0,109,Up,1772623429821
Sayantan,0,101,Down,1772623429939
Sayantan,0,101,Up,1772623430072
Sayantan,0,116,Down,1772623430289
Sayantan,0,116,Up,1772623430380
Sayantan,0,114,Down,1772623430502
Sayantan,0,114,Up,1772623430572
Sayantan,0,105,Down,1772623430977
Sayantan,0,105,Up,1772623431061
Sayantan,0,120,Down,1772623431279
Sayantan,0,120,Up,1772623431432
Sayantan,0,99,Down,1772623431918
Sayantan,0,99,Up,1772623432051
Sayantan,0,32,Down,1772623432176
Sayantan,0,32,Up,1772623432302
Sayantan,0,97,Down,1772623432497
Sayantan,0,97,Up,1772623432622
Sayantan,0,117,Down,1772623432817
Sayantan,0,117,Up,1772623432915
Sayantan,0,116,Down,1772623433106
Sayantan,0,116,Up,1772623433169
Sayantan,0,104,Down,1772623433314
Sayantan,0,104,Up,1772623433412
Sayantan,0,101,Down,1772623433468
Sayantan,0,101,Up,1772623433594
Sayantan,0,110,Down,1772623433686
Sayantan,0,110,Up,1772623433776
Sayantan,0,116,Down,1772623433998
Sayantan,0,116,Up,1772623434068
Sayantan,0,105,Down,1772623434450
Sayantan,0,105,Up,1772623434527
Sayantan,0,99,Down,1772623434783
Sayantan,0,99,Up,1772623434873
Sayantan,0,97,Down,1772623434892
Sayantan,0,97,Up,1772623435032
Sayantan,0,116,Down,1772623435066
Sayantan,0,116,Up,1772623435129
Sayantan,0,105,Down,1772623435545
Sayantan,0,105,Up,1772623435615
Sayantan,0,111,Down,1772623435726
Sayantan,0,111,Up,1772623435796
Sayantan,0,110,Down,1772623435967
Sayantan,0,110,Up,1772623436093
Sayantan,0,32,Down,1772623436131
Sayantan,0,32,Up,1772623436236
Sayantan,0,105,Down,1772623436361
Sayantan,0,105,Up,1772623436445
Sayantan,0,115,Down,1772623436548
Sayantan,0,115,Up,1772623436681
Sayantan,0,32,Down,1772623436742
Sayantan,0,32,Up,1772623436826
Sayantan,0,115,Down,1772623437903
Sayantan,0,115,Up,1772623438050
Sayantan,0,101,Down,1772623438570
Sayantan,0,101,Up,1772623438696
Sayantan,0,99,Down,1772623438932
Sayantan,0,99,Up,1772623438988
Sayantan,0,117,Down,1772623439301
Sayantan,0,117,Up,1772623439371
Sayantan,0,114,Down,1772623439661
Sayantan,0,101,Down,1772623439791
Sayantan,0,114,Up,1772623439871
Sayantan,0,101,Up,1772623439927
Sayantan,1,98,Down,1772623442242
Sayantan,1,98,Up,1772623442312
Sayantan,1,105,Down,1772623442633
Sayantan,1,105,Up,1772623442696
Sayantan,1,111,Down,1772623442817
Sayantan,1,111,Up,1772623442895
Sayantan,1,109,Down,1772623443479
Sayantan,1,109,Up,1772623443577
Sayantan,1,101,Down,1772623443726
Sayantan,1,101,Up,1772623443824
Sayantan,1,116,Down,1772623444030
Sayantan,1,116,Up,1772623444107
Sayantan,1,114,Down,1772623444206
Sayantan,1,114,Up,1772623444283
Sayantan,1,105,Down,1772623444669
Sayantan,1,105,Up,1772623444752
Sayantan,1,99,Down,1772623444901
Sayantan,1,99,Up,1772623445006
Sayantan,1,32,Down,1772623445067
Sayantan,1,32,Up,1772623445158
Sayantan,1,97,Down,1772623445249
Sayantan,1,97,Up,1772623445382
Sayantan,1,117,Down,1772623445653
Sayantan,1,117,Up,1772623445730
Sayantan,1,116,Down,1772623445982
Sayantan,1,116,Up,1772623446045
Sayantan,1,104,Down,1772623446174
Sayantan,1,104,Up,1772623446258
Sayantan,1,101,Down,1772623446319
Sayantan,1,101,Up,1772623446445
Sayantan,1,110,Down,1772623446517
Sayantan,1,110,Up,1772623446601
Sayantan,1,116,Down,1772623446834
Sayantan,1,116,Up,1772623446897
Sayantan,1,105,Down,1772623447241
Sayantan,1,105,Up,1772623447311
Sayantan,1,99,Down,1772623447567
Sayantan,1,99,Up,1772623447636
Sayantan,1,97,Down,1772623447697
Sayantan,1,97,Up,1772623447844
Sayantan,1,116,Down,1772623447867
Sayantan,1,116,Up,1772623447922
Sayantan,1,105,Down,1772623448300
Sayantan,1,105,Up,1772623448370
Sayantan,1,111,Down,1772623448466
Sayantan,1,111,Up,1772623448536
Sayantan,1,110,Down,1772623448719
Sayantan,1,110,Up,1772623448810
Sayantan,1,32,Down,1772623448829
Sayantan,1,32,Up,1772623448933
Sayantan,1,105,Down,1772623449051
Sayantan,1,105,Up,1772623449142
Sayantan,1,115,Down,1772623449253
Sayantan,1,32,Down,1772623449374
Sayantan,1,115,Up,1772623449386
Sayantan,1,32,Up,1772623449456
Sayantan,1,115,Down,1772623449543
Sayantan,1,115,Up,1772623449669
Sayantan,1,101,Down,1772623450020
Sayantan,1,101,Up,1772623450146
Sayantan,1,99,Down,1772623450367
Sayantan,1,99,Up,1772623450430
Sayantan,1,117,Down,1772623450824
Sayantan,1,117,Up,1772623450901
Sayantan,1,114,Down,1772623451087
Sayantan,1,101,Down,1772623451210
Sayantan,1,114,Up,1772623451276
Sayantan,1,101,Up,1772623451339
Sayantan,2,98,Down,1772623455292
Sayantan,2,98,Up,1772623455369
Sayantan,2,105,Down,1772623455804
Sayantan,2,105,Up,1772623455874
Sayantan,2,111,Down,1772623456042
Sayantan,2,111,Up,1772623456126
Sayantan,2,109,Down,1772623456906
Sayantan,2,109,Up,1772623456990
Sayantan,2,101,Down,1772623457127
Sayantan,2,101,Up,1772623457251
Sayantan,2,116,Down,1772623457467
Sayantan,2,116,Up,1772623457550
Sayantan,2,114,Down,1772623457657
Sayantan,2,114,Up,1772623457734
Sayantan,2,105,Down,1772623458127
Sayantan,2,105,Up,1772623458204
Sayantan,2,99,Down,1772623458357
Sayantan,2,99,Up,1772623458482
Sayantan,2,32,Down,1772623458520
Sayantan,2,32,Up,1772623458610
Sayantan,2,97,Down,1772623458783
Sayantan,2,97,Up,1772623458908
Sayantan,2,117,Down,1772623459096
Sayantan,2,117,Up,1772623459186
Sayantan,2,116,Down,1772623459385
Sayantan,2,116,Up,1772623459441
Sayantan,2,104,Down,1772623459574
Sayantan,2,104,Up,1772623459665
Sayantan,2,101,Down,1772623459718
Sayantan,2,101,Up,1772623459850
Sayantan,2,110,Down,1772623459938
Sayantan,2,110,Up,1772623460022
Sayantan,2,116,Down,1772623460267
Sayantan,2,116,Up,1772623460329
Sayantan,2,105,Down,1772623460582
Sayantan,2,105,Up,1772623460666
Sayantan,2,99,Down,1772623460952
Sayantan,2,99,Up,1772623461014
Sayantan,2,97,Down,1772623461091
Sayantan,2,97,Up,1772623461238
Sayantan,2,116,Down,1772623461280
Sayantan,2,116,Up,1772623461349
Sayantan,2,105,Down,1772623461796
Sayantan,2,105,Up,1772623461866
Sayantan,2,111,Down,1772623461969
Sayantan,2,111,Up,1772623462039
Sayantan,2,110,Down,1772623462227
Sayantan,2,110,Up,1772623462289
Sayantan,2,32,Down,1772623462311
Sayantan,2,32,Up,1772623462443
Sayantan,2,105,Down,1772623462658
Sayantan,2,105,Up,1772623462742
Sayantan,2,115,Down,1772623462878
Sayantan,2,115,Up,1772623462984
Sayantan,2,32,Down,1772623463006
Sayantan,2,32,Up,1772623463090
Sayantan,2,115,Down,1772623463869
Sayantan,2,115,Up,1772623463968
Sayantan,2,101,Down,1772623464124
Sayantan,2,101,Up,1772623464243
Sayantan,2,99,Down,1772623464457
Sayantan,2,99,Up,1772623464527
Sayantan,2,117,Down,1772623465222
Sayantan,2,117,Up,1772623465299
Sayantan,2,114,Down,1772623465563
Sayantan,2,101,Down,1772623465734
Sayantan,2,114,Up,1772623465799
Sayantan,2,101,Up,1772623465827
Sayantan,0,98,Down,1772893834123
Sayantan,0,98,Up,1772893834178
Sayantan,0,105,Down,1772893834442
Sayantan,0,105,Up,1772893834507
Sayantan,0,111,Down,1772893834618
Sayantan,0,111,Up,1772893834691
Sayantan,0,109,Down,1772893834866
Sayantan,0,109,Up,1772893834939
Sayantan,0,101,Down,1772893835058
Sayantan,0,101,Up,1772893835155
Sayantan,0,116,Down,1772893835379
Sayantan,0,116,Up,1772893835442
Sayantan,0,114,Down,1772893835530
Sayantan,0,114,Up,1772893835594
Sayantan,0,105,Down,1772893835858
Sayantan,0,105,Up,1772893835930
Sayantan,0,99,Down,1772893836043
Sayantan,0,99,Up,1772893836139
Sayantan,0,32,Down,1772893836178
Sayantan,0,32,Up,1772893836250
Sayantan,0,97,Down,1772893836763
Sayantan,0,97,Up,1772893836867
Sayantan,0,117,Down,1772893837219
Sayantan,0,117,Up,1772893837299
Sayantan,0,116,Down,1772893837482
Sayantan,0,116,Up,1772893837530
Sayantan,0,104,Down,1772893837642
Sayantan,0,104,Up,1772893837723
Sayantan,0,101,Down,1772893837794
Sayantan,0,101,Up,1772893837890
Sayantan,0,110,Down,1772893837995
Sayantan,0,110,Up,1772893838067
Sayantan,0,116,Down,1772893838267
Sayantan,0,116,Up,1772893838323
Sayantan,0,105,Down,1772893838546
Sayantan,0,105,Up,1772893838611
Sayantan,0,99,Down,1772893838874
Sayantan,0,99,Up,1772893838938
Sayantan,0,97,Down,1772893838986
Sayantan,0,97,Up,1772893839115
Sayantan,0,116,Down,1772893839154
Sayantan,0,116,Up,1772893839195
Sayantan,0,105,Down,1772893839466
Sayantan,0,105,Up,1772893839523
Sayantan,0,111,Down,1772893839626
Sayantan,0,111,Up,1772893839683
Sayantan,0,110,Down,1772893839834
Sayantan,0,110,Up,1772893839906
Sayantan,0,32,Down,1772893839945
Sayantan,0,32,Up,1772893840010
Sayantan,0,105,Down,1772893840154
Sayantan,0,105,Up,1772893840227
Sayantan,0,115,Down,1772893840282
Sayantan,0,115,Up,1772893840379
Sayantan,0,32,Down,1772893840386
Sayantan,0,32,Up,1772893840450
Sayantan,0,115,Down,1772893840530
Sayantan,0,115,Up,1772893840618
Sayantan,0,101,Down,1772893840794
Sayantan,0,101,Up,1772893840875
Sayantan,0,99,Down,1772893841074
Sayantan,0,99,Up,1772893841131
Sayantan,0,117,Down,1772893841379
Sayantan,0,117,Up,1772893841443
Sayantan,0,114,Down,1772893841666
Sayantan,0,114,Up,1772893841731
Sayantan,0,101,Down,1772893841770
Sayantan,0,101,Up,1772893841843
Sayantan,1,98,Down,1772893849911
Sayantan,1,98,Up,1772893849991
Sayantan,1,105,Down,1772893850191
Sayantan,1,105,Up,1772893850263
Sayantan,1,111,Down,1772893850359
Sayantan,1,111,Up,1772893850431
Sayantan,1,109,Down,1772893850582
Sayantan,1,109,Up,1772893850671
Sayantan,1,101,Down,1772893850750
Sayantan,1,101,Up,1772893850831
Sayantan,1,116,Down,1772893851063
Sayantan,1,116,Up,1772893851127
Sayantan,1,114,Down,1772893851238
Sayantan,1,114,Up,1772893851303
Sayantan,1,105,Down,1772893851582
Sayantan,1,105,Up,1772893851663
Sayantan,1,99,Down,1772893851894
Sayantan,1,99,Up,1772893852007
Sayantan,1,32,Down,1772893852062
Sayantan,1,32,Up,1772893852142
Sayantan,1,97,Down,1772893852471
Sayantan,1,97,Up,1772893852591
Sayantan,1,117,Down,1772893853247
Sayantan,1,117,Up,1772893853327
Sayantan,1,116,Down,1772893853526
Sayantan,1,116,Up,1772893853590
Sayantan,1,104,Down,1772893854679
Sayantan,1,104,Up,1772893854751
Sayantan,1,101,Down,1772893854790
Sayantan,1,101,Up,1772893854903
Sayantan,1,110,Down,1772893855086
Sayantan,1,110,Up,1772893855175
Sayantan,1,116,Down,1772893855623
Sayantan,1,116,Up,1772893855678
Sayantan,1,105,Down,1772893855878
Sayantan,1,105,Up,1772893855951
Sayantan,1,99,Down,1772893856183
Sayantan,1,99,Up,1772893856247
Sayantan,1,97,Down,1772893856286
Sayantan,1,97,Up,1772893856415
Sayantan,1,116,Down,1772893856454
Sayantan,1,116,Up,1772893856511
Sayantan,1,105,Down,1772893856726
Sayantan,1,105,Up,1772893856783
Sayantan,1,111,Down,1772893856870
Sayantan,1,111,Up,1772893856935
Sayantan,1,110,Down,1772893857094
Sayantan,1,110,Up,1772893857167
Sayantan,1,32,Down,1772893857198
Sayantan,1,32,Up,1772893857287
Sayantan,1,105,Down,1772893857398
Sayantan,1,105,Up,1772893857471
Sayantan,1,115,Down,1772893857526
Sayantan,1,115,Up,1772893857639
Sayantan,1,32,Down,1772893857654
Sayantan,1,32,Up,1772893857718
Sayantan,1,115,Down,1772893857878
Sayantan,1,115,Up,1772893857975
Sayantan,1,101,Down,1772893858439
Sayantan,1,101,Up,1772893858535
Sayantan,1,99,Down,1772893858622
Sayantan,1,99,Up,1772893858687
Sayantan,1,117,Down,1772893858983
Sayantan,1,117,Up,1772893859047
Sayantan,1,114,Down,1772893859263
Sayantan,1,101,Down,1772893859383
Sayantan,1,114,Up,1772893859431
Sayantan,1,101,Up,1772893859486
Sayantan,2,98,Down,1772893861222
Sayantan,2,98,Up,1772893861287
Sayantan,2,105,Down,1772893861471
Sayantan,2,105,Up,1772893861535
Sayantan,2,111,Down,1772893861638
Sayantan,2,111,Up,1772893861711
Sayantan,2,109,Down,1772893861854
Sayantan,2,109,Up,1772893861943
Sayantan,2,101,Down,1772893862006
Sayantan,2,101,Up,1772893862103
Sayantan,2,116,Down,1772893862270
Sayantan,2,116,Up,1772893862325
Sayantan,2,114,Down,1772893862429
Sayantan,2,114,Up,1772893862502
Sayantan,2,105,Down,1772893862703
Sayantan,2,105,Up,1772893862782
Sayantan,2,99,Down,1772893862894
Sayantan,2,99,Up,1772893862999
Sayantan,2,32,Down,1772893863014
Sayantan,2,32,Up,1772893863095
Sayantan,2,97,Down,1772893863254
Sayantan,2,97,Up,1772893863375
Sayantan,2,117,Down,1772893863598
Sayantan,2,117,Up,1772893863679
Sayantan,2,116,Down,1772893863838
Sayantan,2,116,Up,1772893863903
Sayantan,2,104,Down,1772893864038
Sayantan,2,104,Up,1772893864111
Sayantan,2,101,Down,1772893864182
Sayantan,2,101,Up,1772893864287
Sayantan,2,110,Down,1772893864350
Sayantan,2,110,Up,1772893864423
Sayantan,2,116,Down,1772893864694
Sayantan,2,116,Up,1772893864767
Sayantan,2,105,Down,1772893866931
Sayantan,2,105,Up,1772893866995
Sayantan,2,99,Down,1772893867219
Sayantan,2,99,Up,1772893867291
Sayantan,2,97,Down,1772893867314
Sayantan,2,97,Up,1772893867443
Sayantan,2,116,Down,1772893867449
Sayantan,2,116,Up,1772893867499
Sayantan,2,105,Down,1772893867762
Sayantan,2,105,Up,1772893867811
Sayantan,2,111,Down,1772893867922
Sayantan,2,111,Up,1772893867971
Sayantan,2,110,Down,1772893868154
Sayantan,2,110,Up,1772893868243
Sayantan,2,32,Down,1772893868290
Sayantan,2,32,Up,1772893868370
Sayantan,2,105,Down,1772893868539
Sayantan,2,105,Up,1772893868619
Sayantan,2,115,Down,1772893868722
Sayantan,2,115,Up,1772893868827
Sayantan,2,32,Down,1772893868898
Sayantan,2,32,Up,1772893868978
Sayantan,2,115,Down,1772893869427
Sayantan,2,115,Up,1772893869507
Sayantan,2,101,Down,1772893869706
Sayantan,2,101,Up,1772893869819
Sayantan,2,99,Down,1772893870227
Sayantan,2,99,Up,1772893870283
Sayantan,2,117,Down,1772893870563
Sayantan,2,117,Up,1772893870619
Sayantan,2,114,Down,1772893870842
Sayantan,2,101,Down,1772893870963
Sayantan,2,114,Up,1772893870996
Sayantan,2,101,Up,1772893871098
Sayantan,0,83,Down,1772894852491
Sayantan,0,115,Up,1772894852601
Sayantan,0,35,Down,1772894853058
Sayantan,0,51,Up,1772894853137
Sayantan,0,83,Down,1772894853396
Sayantan,0,83,Up,1772894853450
Sayantan,0,97,Down,1772894853556
Sayantan,0,97,Up,1772894853618
Sayantan,0,121,Down,1772894853939
Sayantan,0,121,Up,1772894854002
Sayantan,0,97,Down,1772894854078
Sayantan,0,97,Up,1772894854203
Sayantan,0,110,Down,1772894854354
Sayantan,0,110,Up,1772894854426
Sayantan,0,116,Down,1772894854594
Sayantan,0,116,Up,1772894854658
Sayantan,0,97,Down,1772894854713
Sayantan,0,97,Up,1772894854827
Sayantan,0,110,Down,1772894854882
Sayantan,0,110,Up,1772894854962
Sayantan,0,50,Down,1772894855346
Sayantan,0,50,Up,1772894855419
Sayantan,0,50,Down,1772894855818
Sayantan,0,50,Up,1772894855875
Sayantan,0,53,Down,1772894856291
Sayantan,0,53,Up,1772894856347
Sayantan,0,53,Down,1772894856426
Sayantan,0,53,Up,1772894856499
Sayantan,0,64,Down,1772894858723
Sayantan,0,50,Up,1772894858842
Sayantan,0,50,Down,1772894859114
Sayantan,0,50,Up,1772894859219
Sayantan,0,53,Down,1772894860282
Sayantan,0,53,Up,1772894860346
Sayantan,0,53,Down,1772894860542
Sayantan,0,53,Up,1772894860619
Sayantan,0,98,Down,1772898242741
Sayantan,0,98,Up,1772898242813
Sayantan,0,105,Down,1772898242996
Sayantan,0,105,Up,1772898243060
Sayantan,0,111,Down,1772898243159
Sayantan,0,111,Up,1772898243220
Sayantan,0,109,Down,1772898243637
Sayantan,0,109,Up,1772898243693
Sayantan,0,101,Down,1772898244229
Sayantan,0,101,Up,1772898244300
Sayantan,0,116,Down,1772898244484
Sayantan,0,116,Up,1772898244540
Sayantan,0,114,Down,1772898244644
Sayantan,0,114,Up,1772898244708
Sayantan,0,105,Down,1772898244965
Sayantan,0,105,Up,1772898245036
Sayantan,0,99,Down,1772898245116
Sayantan,0,99,Up,1772898245216
Sayantan,0,32,Down,1772898245797
Sayantan,0,32,Up,1772898245860
Sayantan,0,97,Down,1772898246228
Sayantan,0,97,Up,1772898246291
Sayantan,0,117,Down,1772898246627
Sayantan,0,117,Up,1772898246691
Sayantan,0,116,Down,1772898246843
Sayantan,0,116,Up,1772898246899
Sayantan,0,104,Down,1772898247013
Sayantan,0,104,Up,1772898247076
Sayantan,0,101,Down,1772898247149
Sayantan,0,101,Up,1772898247229
Sayantan,0,110,Down,1772898247316
Sayantan,0,110,Up,1772898247388
Sayantan,0,116,Down,1772898247558
Sayantan,0,116,Up,1772898247613
Sayantan,0,105,Down,1772898247781
Sayantan,0,105,Up,1772898247851
Sayantan,0,99,Down,1772898248075
Sayantan,0,99,Up,1772898248140
Sayantan,0,97,Down,1772898248148
Sayantan,0,97,Up,1772898248275
Sayantan,0,116,Down,1772898248341
Sayantan,0,116,Up,1772898248395
Sayantan,0,105,Down,1772898248644
Sayantan,0,105,Up,1772898248699
Sayantan,0,111,Down,1772898248820
Sayantan,0,111,Up,1772898248884
Sayantan,0,110,Down,1772898249035
Sayantan,0,110,Up,1772898249116
Sayantan,0,32,Down,1772898249150
Sayantan,0,32,Up,1772898249268
Sayantan,0,105,Down,1772898249628
Sayantan,0,105,Up,1772898249692
Sayantan,0,115,Down,1772898249748
Sayantan,0,115,Up,1772898249876
Sayantan,0,32,Down,1772898249883
Sayantan,0,32,Up,1772898249967
Sayantan,0,115,Down,1772898250269
Sayantan,0,115,Up,1772898250356
Sayantan,0,101,Down,1772898250536
Sayantan,0,101,Up,1772898250644
Sayantan,0,99,Down,1772898250791
Sayantan,0,99,Up,1772898250839
Sayantan,0,117,Down,1772898251081
Sayantan,0,117,Up,1772898251153
Sayantan,0,114,Down,1772898251303
Sayantan,0,101,Down,1772898251408
Sayantan,0,114,Up,1772898251456
Sayantan,0,101,Up,1772898251504
Sayantan,1,98,Down,1772898277564
Sayantan,1,98,Up,1772898277620
Sayantan,1,105,Down,1772898277883
Sayantan,1,105,Up,1772898277947
Sayantan,1,111,Down,1772898278052
Sayantan,1,111,Up,1772898278124
Sayantan,1,109,Down,1772898278332
Sayantan,1,109,Up,1772898278396
Sayantan,1,101,Down,1772898278564
Sayantan,1,101,Up,1772898278660
Sayantan,1,116,Down,1772898278829
Sayantan,1,116,Up,1772898278884
Sayantan,1,114,Down,1772898278989
Sayantan,1,114,Up,1772898279060
Sayantan,1,105,Down,1772898279299
Sayantan,1,105,Up,1772898279385
Sayantan,1,99,Down,1772898279620
Sayantan,1,99,Up,1772898279709
Sayantan,1,32,Down,1772898279789
Sayantan,1,32,Up,1772898279868
Sayantan,1,97,Down,1772898280355
Sayantan,1,97,Up,1772898280501
Sayantan,1,117,Down,1772898280676
Sayantan,1,117,Up,1772898280748
Sayantan,1,116,Down,1772898280892
Sayantan,1,116,Up,1772898280947
Sayantan,1,104,Down,1772898281068
Sayantan,1,104,Up,1772898281140
Sayantan,1,101,Down,1772898281196
Sayantan,1,101,Up,1772898281299
Sayantan,1,110,Down,1772898281396
Sayantan,1,110,Up,1772898281475
Sayantan,1,116,Down,1772898282009
Sayantan,1,116,Up,1772898282071
Sayantan,1,105,Down,1772898282273
Sayantan,1,105,Up,1772898282345
Sayantan,1,99,Down,1772898282664
Sayantan,1,99,Up,1772898282732
Sayantan,1,97,Down,1772898282776
Sayantan,1,97,Up,1772898282920
Sayantan,1,116,Down,1772898283008
Sayantan,1,116,Up,1772898283064
Sayantan,1,105,Down,1772898283360
Sayantan,1,105,Up,1772898283415
Sayantan,1,111,Down,1772898283513
Sayantan,1,111,Up,1772898283575
Sayantan,1,110,Down,1772898283720
Sayantan,1,110,Up,1772898283816
Sayantan,1,32,Down,1772898283855
Sayantan,1,32,Up,1772898283960
Sayantan,1,105,Down,1772898284103
Sayantan,1,105,Up,1772898284184
Sayantan,1,115,Down,1772898284272
Sayantan,1,32,Down,1772898284375
Sayantan,1,115,Up,1772898284403
Sayantan,1,32,Up,1772898284464
Sayantan,1,115,Down,1772898284648
Sayantan,1,115,Up,1772898284752
Sayantan,1,101,Down,1772898285264
Sayantan,1,101,Up,1772898285353
Sayantan,1,99,Down,1772898285452
Sayantan,1,99,Up,1772898285504
Sayantan,1,117,Down,1772898285793
Sayantan,1,117,Up,1772898285864
Sayantan,1,114,Down,1772898286015
Sayantan,1,101,Down,1772898286119
Sayantan,1,114,Up,1772898286160
Sayantan,1,101,Up,1772898286184
Sreya,0,115,Down,1772903170990
Sreya,0,115,Up,1772903171149
Sreya,0,114,Down,1772903171302
Sreya,0,114,Up,1772903171438
Sreya,0,101,Down,1772903171685
Sreya,0,101,Up,1772903171797
Sreya,0,121,Down,1772903172014
Sreya,0,121,Up,1772903172118
Sreya,0,97,Down,1772903172390
Sreya,0,97,Up,1772903172493
Sreya,0,49,Down,1772903172918
Sreya,0,49,Up,1772903173006
Sreya,0,50,Down,1772903173206
Sreya,0,50,Up,1772903173302
Sreya,0,51,Down,1772903173494
Sreya,0,51,Up,1772903173574
Sreya,0,64,Down,1772903174134
Sreya,0,50,Up,1772903174254
Sreya,1,115,Down,1772903202678
Sreya,1,115,Up,1772903202710
Sreya,1,114,Down,1772903202894
Sreya,1,114,Up,1772903202990
Sreya,1,101,Down,1772903203222
Sreya,1,101,Up,1772903203326
Sreya,1,121,Down,1772903203566
Sreya,1,121,Up,1772903203662
Sreya,1,97,Down,1772903203918
Sreya,1,97,Up,1772903204038
Sreya,1,49,Down,1772903204350
Sreya,1,49,Up,1772903204437
Sreya,1,50,Down,1772903204758
Sreya,1,50,Up,1772903204846
Sreya,1,51,Down,1772903205045
Sreya,1,51,Up,1772903205110
Sreya,1,64,Down,1772903206022
Sreya,1,64,Up,1772903206150
Sreya,0,115,Down,1772903275022
Sreya,0,115,Up,1772903275181
Sreya,0,114,Down,1772903275254
Sreya,0,114,Up,1772903275342
Sreya,0,101,Down,1772903275534
Sreya,0,101,Up,1772903275638
Sreya,0,121,Down,1772903275806
Sreya,0,121,Up,1772903275910
Sreya,0,97,Down,1772903276205
Sreya,0,97,Up,1772903276293
Sreya,0,49,Down,1772903276670
Sreya,0,49,Up,1772903276750
Sreya,0,50,Down,1772903276950
Sreya,0,50,Up,1772903277029
Sreya,0,51,Down,1772903277206
Sreya,0,51,Up,1772903277294
Sreya,0,64,Down,1772903277686
Sreya,0,50,Up,1772903277806
Sreya,1,115,Down,1772903281477
Sreya,1,115,Up,1772903281654
Sreya,1,114,Down,1772903281806
Sreya,1,114,Up,1772903281862
Sreya,1,101,Down,1772903282142
Sreya,1,101,Up,1772903282270
Sreya,1,49,Down,1772903284798
Sreya,1,49,Up,1772903284878
Sreya,1,50,Down,1772903285070
Sreya,1,50,Up,1772903285181
Sreya,1,51,Down,1772903285350
Sreya,1,51,Up,1772903285422
Sreya,1,64,Down,1772903286342
Sreya,1,50,Up,1772903286445
Sreya,0,115,Down,1772903359238
Sreya,0,115,Up,1772903359342
Sreya,0,114,Down,1772903359549
Sreya,0,114,Up,1772903359637
Sreya,0,101,Down,1772903359805
Sreya,0,101,Up,1772903359893
Sreya,0,121,Down,1772903360165
Sreya,0,121,Up,1772903360269
Sreya,0,97,Down,1772903360501
Sreya,0,97,Up,1772903360637
Sreya,0,49,Down,1772903361845
Sreya,0,49,Up,1772903361941
Sreya,0,50,Down,1772903362110
Sreya,0,50,Up,1772903362182
Sreya,0,51,Down,1772903362341
Sreya,0,51,Up,1772903362429
Sreya,0,64,Down,1772903362798
Sreya,0,64,Up,1772903362893
Sreya,1,83,Down,1772903366766
Sreya,1,115,Up,1772903366869
Sreya,1,114,Down,1772903367518
Sreya,1,114,Up,1772903367598
Sreya,1,101,Down,1772903367798
Sreya,1,101,Up,1772903367861
Sreya,1,121,Down,1772903368190
Sreya,1,121,Up,1772903368293
Sreya,1,97,Down,1772903368470
Sreya,1,97,Up,1772903368558
Sreya,1,49,Down,1772903368814
Sreya,1,49,Up,1772903368934
Sreya,1,50,Down,1772903369118
Sreya,1,50,Up,1772903369190
Sreya,1,51,Down,1772903369342
Sreya,1,51,Up,1772903369422
Sreya,1,64,Down,1772903369814
Sreya,1,50,Up,1772903369894
Sreya,0,115,Down,1772903455862
Sreya,0,115,Up,1772903455990
Sreya,0,114,Down,1772903456126
Sreya,0,114,Up,1772903456205
Sreya,0,101,Down,1772903456542
Sreya,0,101,Up,1772903456670
Sreya,0,49,Down,1772903459030
Sreya,0,49,Up,1772903459158
Sreya,0,50,Down,1772903459318
Sreya,0,50,Up,1772903459390
Sreya,0,51,Down,1772903459542
Sreya,0,51,Up,1772903459622
Sreya,0,64,Down,1772903460117
Sreya,0,64,Up,1772903460206
Sreya,1,115,Down,1772903462430
Sreya,1,115,Up,1772903462542
Sreya,1,114,Down,1772903462694
Sreya,1,114,Up,1772903462766
Sreya,1,101,Down,1772903462918
Sreya,1,101,Up,1772903463006
Sreya,1,121,Down,1772903464662
Sreya,1,121,Up,1772903464790
Sreya,1,97,Down,1772903464974
Sreya,1,97,Up,1772903465062
Sreya,1,49,Down,1772903465254
Sreya,1,49,Up,1772903465358
Sreya,1,50,Down,1772903465526
Sreya,1,50,Up,1772903465606
Sreya,1,51,Down,1772903465742
Sreya,1,51,Up,1772903465814
Sreya,1,64,Down,1772903466615
Sreya,1,64,Up,1772903466725
Sreya,2,83,Down,1772903469206
Sreya,2,83,Up,1772903469350
Sreya,2,114,Down,1772903469798
Sreya,2,114,Up,1772903469894
Sreya,2,101,Down,1772903470534
Sreya,2,101,Up,1772903470637
Sreya,2,121,Down,1772903470830
Sreya,2,121,Up,1772903470934
Sreya,2,97,Down,1772903471190
Sreya,2,97,Up,1772903471286
Sreya,2,49,Down,1772903473438
Sreya,2,49,Up,1772903473526
Sreya,2,50,Down,1772903473686
Sreya,2,50,Up,1772903473758
Sreya,2,51,Down,1772903473894
Sreya,2,51,Up,1772903473990
Sreya,2,64,Down,1772903474326
Sreya,2,50,Up,1772903474430
Sreya,3,83,Down,1772903476606
Sreya,3,115,Up,1772903476685
Sreya,3,114,Down,1772903476910
Sreya,3,114,Up,1772903476990
Sreya,3,101,Down,1772903477118
Sreya,3,101,Up,1772903477198
Sreya,3,121,Down,1772903477438
Sreya,3,121,Up,1772903477534
Sreya,3,97,Down,1772903477694
Sreya,3,97,Up,1772903477766
Sreya,3,49,Down,1772903478510
Sreya,3,49,Up,1772903478574
Sreya,3,50,Down,1772903478725
Sreya,3,50,Up,1772903478798
Sreya,3,51,Down,1772903478934
Sreya,3,51,Up,1772903479014
Sreya,3,64,Down,1772903479422
Sreya,3,50,Up,1772903479494
Sreya,4,115,Down,1772903481309
Sreya,4,115,Up,1772903481350
Sreya,4,114,Down,1772903481590
Sreya,4,114,Up,1772903481685
Sreya,4,101,Down,1772903481822
Sreya,4,101,Up,1772903481918
Sreya,4,121,Down,1772903482150
Sreya,4,121,Up,1772903482230
Sreya,4,97,Down,1772903482406
Sreya,4,97,Up,1772903482494
Sreya,4,49,Down,1772903483198
Sreya,4,49,Up,1772903483270
Sreya,4,50,Down,1772903483438
Sreya,4,50,Up,1772903483502
Sreya,4,51,Down,1772903483646
Sreya,4,51,Up,1772903483710
Sreya,4,64,Down,1772903484045
Sreya,4,64,Up,1772903484141
Sreya,0,115,Down,1772903542238
Sreya,0,115,Up,1772903542334
Sreya,0,114,Down,1772903542566
Sreya,0,114,Up,1772903542646
Sreya,0,101,Down,1772903542798
Sreya,0,101,Up,1772903542878
Sreya,0,115,Down,1772903547806
Sreya,0,115,Up,1772903547909
Sreya,0,114,Down,1772903548094
Sreya,0,114,Up,1772903548166
Sreya,0,101,Down,1772903548294
Sreya,0,101,Up,1772903548374
Sreya,0,121,Down,1772903548630
Sreya,0,121,Up,1772903548726
Sreya,0,97,Down,1772903548862
Sreya,0,97,Up,1772903548958
Sreya,0,49,Down,1772903549198
Sreya,0,49,Up,1772903549270
Sreya,0,50,Down,1772903549422
Sreya,0,50,Up,1772903549486
Sreya,0,51,Down,1772903549630
Sreya,0,51,Up,1772903549710
Sreya,0,64,Down,1772903550054
Sreya,0,50,Up,1772903550150
Sreya,1,115,Down,1772903551806
Sreya,1,115,Up,1772903551878
Sreya,1,114,Down,1772903552037
Sreya,1,114,Up,1772903552109
Sreya,1,101,Down,1772903552222
Sreya,1,101,Up,1772903552294
Sreya,1,121,Down,1772903552686
Sreya,1,121,Up,1772903552757
Sreya,1,97,Down,1772903553357
Sreya,1,97,Up,1772903553453
Sreya,1,49,Down,1772903553702
Sreya,1,49,Up,1772903553790
Sreya,1,50,Down,1772903553925
Sreya,1,50,Up,1772903553997
Sreya,1,51,Down,1772903554149
Sreya,1,51,Up,1772903554213
Sreya,1,64,Down,1772903554670
Sreya,1,50,Up,1772903554750
Sreya,2,115,Down,1772903556710
Sreya,2,115,Up,1772903556789
Sreya,2,114,Down,1772903556949
Sreya,2,114,Up,1772903557021
Sreya,2,101,Down,1772903557149
Sreya,2,101,Up,1772903557206
Sreya,2,121,Down,1772903557493
Sreya,2,121,Up,1772903557549
Sreya,2,97,Down,1772903557742
Sreya,2,97,Up,1772903557829
Sreya,2,49,Down,1772903558085
Sreya,2,49,Up,1772903558157
Sreya,2,50,Down,1772903558317
Sreya,2,50,Up,1772903558373
Sreya,2,51,Down,1772903558517
Sreya,2,51,Up,1772903558597
Sreya,2,64,Down,1772903558989
Sreya,2,50,Up,1772903559085
Sreya,3,115,Down,1772903560781
Sreya,3,115,Up,1772903560853
Sreya,3,114,Down,1772903561005
Sreya,3,114,Up,1772903561077
Sreya,3,101,Down,1772903561206
Sreya,3,101,Up,1772903561269
Sreya,3,121,Down,1772903561574
Sreya,3,121,Up,1772903561646
Sreya,3,97,Down,1772903561781
Sreya,3,97,Up,1772903561861
Sreya,3,49,Down,1772903562214
Sreya,3,49,Up,1772903562278
Sreya,3,50,Down,1772903562430
Sreya,3,50,Up,1772903562502
Sreya,3,51,Down,1772903562630
Sreya,3,51,Up,1772903562710
Sreya,3,50,Down,1772903563070
Sreya,3,50,Up,1772903563141
Sreya,4,115,Down,1772903565318
Sreya,4,115,Up,1772903565422
Sreya,4,114,Down,1772903565574
Sreya,4,114,Up,1772903565630
Sreya,4,101,Down,1772903565766
Sreya,4,101,Up,1772903565837
Sreya,4,121,Down,1772903566286
Sreya,4,121,Up,1772903566374
Sreya,4,97,Down,1772903566542
Sreya,4,97,Up,1772903566637
Sreya,4,49,Down,1772903566846
Sreya,4,49,Up,1772903566925
Sreya,4,50,Down,1772903567110
Sreya,4,50,Up,1772903567181
Sreya,4,51,Down,1772903567318
Sreya,4,51,Up,1772903567390
Sreya,4,64,Down,1772903568374
Sreya,4,64,Up,1772903568469
Sreya,5,115,Down,1772903570174
Sreya,5,115,Up,1772903570285
Sreya,5,114,Down,1772903570366
Sreya,5,114,Up,1772903570438
Sreya,5,101,Down,1772903570591
Sreya,5,101,Up,1772903570654
Sreya,5,121,Down,1772903570958
Sreya,5,121,Up,1772903571054
Sreya,5,97,Down,1772903571214
Sreya,5,97,Up,1772903571294
Sreya,5,49,Down,1772903571518
Sreya,5,49,Up,1772903571606
Sreya,5,50,Down,1772903571830
Sreya,5,50,Up,1772903571886
Sreya,5,51,Down,1772903572046
Sreya,5,51,Up,1772903572118
Sreya,5,50,Down,1772903572535
Sreya,5,50,Up,1772903572613
Sreya,0,115,Down,1772903626630
Sreya,0,115,Up,1772903626758
Sreya,0,114,Down,1772903627102
Sreya,0,114,Up,1772903627165
Sreya,0,101,Down,1772903627358
Sreya,0,101,Up,1772903627485
Sreya,0,121,Down,1772903627742
Sreya,0,121,Up,1772903627838
Sreya,0,97,Down,1772903628094
Sreya,0,97,Up,1772903628197
Sreya,0,49,Down,1772903628448
Sreya,0,49,Up,1772903628566
Sreya,0,50,Down,1772903628798
Sreya,0,50,Up,1772903628877
Sreya,0,51,Down,1772903629054
Sreya,0,51,Up,1772903629142
Sreya,0,64,Down,1772903629526
Sreya,0,64,Up,1772903629622
Sreya,1,115,Down,1772903631374
Sreya,1,115,Up,1772903631485
Sreya,1,114,Down,1772903631710
Sreya,1,114,Up,1772903631798
Sreya,1,101,Down,1772903631998
Sreya,1,101,Up,1772903632086
Sreya,1,121,Down,1772903632278
Sreya,1,121,Up,1772903632366
Sreya,1,97,Down,1772903632542
Sreya,1,97,Up,1772903632638
Sreya,1,49,Down,1772903633078
Sreya,1,49,Up,1772903633142
Sreya,1,50,Down,1772903633318
Sreya,1,50,Up,1772903633389
Sreya,1,51,Down,1772903633550
Sreya,1,51,Up,1772903633629
Sreya,1,64,Down,1772903634038
Sreya,1,50,Up,1772903634126
Sreya,2,115,Down,1772903635638
Sreya,2,115,Up,1772903635766
Sreya,2,114,Down,1772903635998
Sreya,2,114,Up,1772903636061
Sreya,2,101,Down,1772903636238
Sreya,2,101,Up,1772903636358
Sreya,2,121,Down,1772903636502
Sreya,2,121,Up,1772903636582
Sreya,2,97,Down,1772903636806
Sreya,2,97,Up,1772903636918
Sreya,2,49,Down,1772903637141
Sreya,2,49,Up,1772903637246
Sreya,2,50,Down,1772903637470
Sreya,2,50,Up,1772903637526
Sreya,2,51,Down,1772903637702
Sreya,2,51,Up,1772903637782
Sreya,2,64,Down,1772903638182
Sreya,2,50,Up,1772903638278
Sreya,3,115,Down,1772903639342
Sreya,3,115,Up,1772903639438
Sreya,3,114,Down,1772903639654
Sreya,3,114,Up,1772903639749
Sreya,3,101,Down,1772903639902
Sreya,3,101,Up,1772903639981
Sreya,3,121,Down,1772903640238
Sreya,3,121,Up,1772903640318
Sreya,3,97,Down,1772903640501
Sreya,3,97,Up,1772903640597
Sreya,3,49,Down,1772903640838
Sreya,3,49,Up,1772903640934
Sreya,3,50,Down,1772903641093
Sreya,3,50,Up,1772903641166
Sreya,3,51,Down,1772903641350
Sreya,3,51,Up,1772903641422
Sreya,3,64,Down,1772903641942
Sreya,3,50,Up,1772903642022
Sreya,4,115,Down,1772903643054
Sreya,4,115,Up,1772903643141
Sreya,4,114,Down,1772903643366
Sreya,4,114,Up,1772903643454
Sreya,4,101,Down,1772903643606
Sreya,4,101,Up,1772903643685
Sreya,4,121,Down,1772903643862
Sreya,4,121,Up,1772903643942
Sreya,4,97,Down,1772903644149
Sreya,4,97,Up,1772903644254
Sreya,4,49,Down,1772903644614
Sreya,4,49,Up,1772903644685
Sreya,4,50,Down,1772903644853
Sreya,4,50,Up,1772903644941
Sreya,4,51,Down,1772903645102
Sreya,4,51,Up,1772903645181
Sreya,4,64,Down,1772903645574
Sreya,4,50,Up,1772903645669
Sreya,0,115,Down,1772903697854
Sreya,0,115,Up,1772903697982
Sreya,0,114,Down,1772903698094
Sreya,0,114,Up,1772903698150
Sreya,0,101,Down,1772903698374
Sreya,0,101,Up,1772903698462
Sreya,0,121,Down,1772903698662
Sreya,0,121,Up,1772903698742
Sreya,0,97,Down,1772903699045
Sreya,0,97,Up,1772903699134
Sreya,0,49,Down,1772903699382
Sreya,0,49,Up,1772903699494
Sreya,0,50,Down,1772903699678
Sreya,0,50,Up,1772903699750
Sreya,0,51,Down,1772903699901
Sreya,0,51,Up,1772903699982
Sreya,0,64,Down,1772903700598
Sreya,0,64,Up,1772903700710
Sreya,1,115,Down,1772903704158
Sreya,1,115,Up,1772903704286
Sreya,1,114,Down,1772903704942
Sreya,1,114,Up,1772903705021
Sreya,1,101,Down,1772903705173
Sreya,1,101,Up,1772903705278
Sreya,1,121,Down,1772903706566
Sreya,1,121,Up,1772903706654
Sreya,1,97,Down,1772903706886
Sreya,1,97,Up,1772903707014
Sreya,1,49,Down,1772903707246
Sreya,1,49,Up,1772903707342
Sreya,1,50,Down,1772903707518
Sreya,1,50,Up,1772903707582
Sreya,1,51,Down,1772903707734
Sreya,1,51,Up,1772903707830
Sreya,1,64,Down,1772903710094
Sreya,1,64,Up,1772903710190
Sreya,2,115,Down,1772903711957
Sreya,2,115,Up,1772903712101
Sreya,2,114,Down,1772903712206
Sreya,2,114,Up,1772903712286
Sreya,2,101,Down,1772903712414
Sreya,2,101,Up,1772903712494
Sreya,2,121,Down,1772903712854
Sreya,2,121,Up,1772903712934
Sreya,2,97,Down,1772903713166
Sreya,2,97,Up,1772903713238
Sreya,2,49,Down,1772903713654
Sreya,2,49,Up,1772903713717
Sreya,2,50,Down,1772903713886
Sreya,2,50,Up,1772903713950
Sreya,2,51,Down,1772903714094
Sreya,2,51,Up,1772903714174
Sreya,2,64,Down,1772903714774
Sreya,2,64,Up,1772903714854
Sreya,3,115,Down,1772903716454
Sreya,3,115,Up,1772903716583
Sreya,3,114,Down,1772903716765
Sreya,3,114,Up,1772903716846
Sreya,3,101,Down,1772903717022
Sreya,3,101,Up,1772903717149
Sreya,3,121,Down,1772903717302
Sreya,3,121,Up,1772903717390
Sreya,3,97,Down,1772903717598
Sreya,3,97,Up,1772903717694
Sreya,3,49,Down,1772903717982
Sreya,3,49,Up,1772903718054
Sreya,3,50,Down,1772903718229
Sreya,3,50,Up,1772903718294
Sreya,3,51,Down,1772903718470
Sreya,3,51,Up,1772903718526
Sreya,3,64,Down,1772903719222
Sreya,3,64,Up,1772903719301
Sreya,0,115,Down,1772903777902
Sreya,0,115,Up,1772903778030
Sreya,0,114,Down,1772903778142
Sreya,0,114,Up,1772903778222
Sreya,0,101,Down,1772903778358
Sreya,0,101,Up,1772903778430
Sreya,0,121,Down,1772903778814
Sreya,0,121,Up,1772903778894
Sreya,0,97,Down,1772903779078
Sreya,0,97,Up,1772903779157
Sreya,0,49,Down,1772903779438
Sreya,0,49,Up,1772903779518
Sreya,0,50,Down,1772903779686
Sreya,0,50,Up,1772903779749
Sreya,0,51,Down,1772903779894
Sreya,0,51,Up,1772903779974
Sreya,0,64,Down,1772903780390
Sreya,0,50,Up,1772903780470
Sreya,1,115,Down,1772903781615
Sreya,1,115,Up,1772903781734
Sreya,1,114,Down,1772903781838
Sreya,1,114,Up,1772903781918
Sreya,1,101,Down,1772903782046
Sreya,1,101,Up,1772903782117
Sreya,1,121,Down,1772903782582
Sreya,1,121,Up,1772903782670
Sreya,1,97,Down,1772903782846
Sreya,1,97,Up,1772903782935
Sreya,1,49,Down,1772903783214
Sreya,1,49,Up,1772903783293
Sreya,1,50,Down,1772903783462
Sreya,1,50,Up,1772903783526
Sreya,1,51,Down,1772903783694
Sreya,1,51,Up,1772903783757
Sreya,1,64,Down,1772903784246
Sreya,1,64,Up,1772903784366
Sreya,2,115,Down,1772903786126
Sreya,2,115,Up,1772903786206
Sreya,2,114,Down,1772903786397
Sreya,2,114,Up,1772903786477
Sreya,2,101,Down,1772903786622
Sreya,2,101,Up,1772903786702
Sreya,2,121,Down,1772903787150
Sreya,2,121,Up,1772903787238
Sreya,2,97,Down,1772903787558
Sreya,2,97,Up,1772903787638
Sreya,2,49,Down,1772903788222
Sreya,2,49,Up,1772903788301
Sreya,2,50,Down,1772903788469
Sreya,2,50,Up,1772903788534
Sreya,2,51,Down,1772903788686
Sreya,2,51,Up,1772903788750
Sreya,2,64,Down,1772903789158
Sreya,2,64,Up,1772903789246
Sreya,3,115,Down,1772903790590
Sreya,3,115,Up,1772903790662
Sreya,3,114,Down,1772903790846
Sreya,3,114,Up,1772903790926
Sreya,3,101,Down,1772903791078
Sreya,3,101,Up,1772903791158
Sreya,3,121,Down,1772903791470
Sreya,3,121,Up,1772903791558
Sreya,3,97,Down,1772903791798
Sreya,3,97,Up,1772903791878
Sreya,3,49,Down,1772903792118
Sreya,3,49,Up,1772903792190
Sreya,3,50,Down,1772903792342
Sreya,3,50,Up,1772903792414
Sreya,3,51,Down,1772903792549
Sreya,3,51,Up,1772903792621
Sreya,3,64,Down,1772903792989
Sreya,3,64,Up,1772903793085
Sreya,4,115,Down,1772903794454
Sreya,4,115,Up,1772903794517
Sreya,4,114,Down,1772903794702
Sreya,4,114,Up,1772903794774
Sreya,4,101,Down,1772903794910
Sreya,4,101,Up,1772903794998
Sreya,4,121,Down,1772903795366
Sreya,4,121,Up,1772903795438
Sreya,4,97,Down,1772903795758
Sreya,4,97,Up,1772903795831
Sreya,4,49,Down,1772903796070
Sreya,4,49,Up,1772903796142
Sreya,4,50,Down,1772903796294
Sreya,4,50,Up,1772903796358
Sreya,4,51,Down,1772903796510
Sreya,4,51,Up,1772903796582
Sreya,4,64,Down,1772903797014
Sreya,4,64,Up,1772903797117
Sreya,5,115,Down,1772903798558
Sreya,5,115,Up,1772903798630
Sreya,5,114,Down,1772903798814
Sreya,5,114,Up,1772903798885
Sreya,5,101,Down,1772903799022
Sreya,5,101,Up,1772903799094
Sreya,5,121,Down,1772903799326
Sreya,5,121,Up,1772903799406
Sreya,5,97,Down,1772903799693
Sreya,5,97,Up,1772903799773
Sreya,5,49,Down,1772903800030
Sreya,5,49,Up,1772903800103
Sreya,5,50,Down,1772903800278
Sreya,5,50,Up,1772903800342
Sreya,5,51,Down,1772903800518
Sreya,5,51,Up,1772903800590
Sreya,5,64,Down,1772903801038
Sreya,5,64,Up,1772903801134
Sreya,6,115,Down,1772903803070
Sreya,6,115,Up,1772903803133
Sreya,6,114,Down,1772903803309
Sreya,6,114,Up,1772903803382
Sreya,6,101,Down,1772903803534
Sreya,6,101,Up,1772903803590
Sreya,6,121,Down,1772903803974
Sreya,6,121,Up,1772903804061
Sreya,6,97,Down,1772903804830
Sreya,6,97,Up,1772903804918
Sreya,6,49,Down,1772903805846
Sreya,6,49,Up,1772903805918
Sreya,6,50,Down,1772903806078
Sreya,6,50,Up,1772903806150
Sreya,6,51,Down,1772903806310
Sreya,6,51,Up,1772903806405
Sreya,6,64,Down,1772903806822
Sreya,6,50,Up,1772903806911
Sreya,7,115,Down,1772903808190
Sreya,7,115,Up,1772903808270
Sreya,7,114,Down,1772903808437
Sreya,7,114,Up,1772903808517
Sreya,7,101,Down,1772903808646
Sreya,7,101,Up,1772903808734
Sreya,7,121,Down,1772903809150
Sreya,7,121,Up,1772903809214
Sreya,7,97,Down,1772903809493
Sreya,7,97,Up,1772903809589
Sreya,7,49,Down,1772903809806
Sreya,7,49,Up,1772903809886
Sreya,7,50,Down,1772903810038
Sreya,7,50,Up,1772903810110
Sreya,7,51,Down,1772903810262
Sreya,7,51,Up,1772903810327
Sreya,7,64,Down,1772903810734
Sreya,7,64,Up,1772903810830
Sreya,8,115,Down,1772903812110
Sreya,8,115,Up,1772903812181
Sreya,8,114,Down,1772903812390
Sreya,8,114,Up,1772903812446
Sreya,8,101,Down,1772903812597
Sreya,8,101,Up,1772903812669
Sreya,8,121,Down,1772903812990
Sreya,8,121,Up,1772903813062
Sreya,8,97,Down,1772903813342
Sreya,8,97,Up,1772903813422
Sreya,8,49,Down,1772903813718
Sreya,8,49,Up,1772903813789
Sreya,8,50,Down,1772903813966
Sreya,8,50,Up,1772903814030
Sreya,8,51,Down,1772903814182
Sreya,8,51,Up,1772903814254
Sreya,8,64,Down,1772903814766
Sreya,8,64,Up,1772903814854
Sreya,9,115,Down,1772903816198
Sreya,9,115,Up,1772903816277
Sreya,9,114,Down,1772903816446
Sreya,9,114,Up,1772903816525
Sreya,9,101,Down,1772903816653
Sreya,9,101,Up,1772903816717
Sreya,9,121,Down,1772903817029
Sreya,9,121,Up,1772903817118
Sreya,9,97,Down,1772903817454
Sreya,9,97,Up,1772903817533
Sreya,9,49,Down,1772903817822
Sreya,9,49,Up,1772903817894
Sreya,9,50,Down,1772903818037
Sreya,9,50,Up,1772903818118
Sreya,9,51,Down,1772903818269
Sreya,9,51,Up,1772903818341
Sreya,9,64,Down,1772903818774
Sreya,9,64,Up,1772903818877
Sreya,10,115,Down,1772903820149
Sreya,10,115,Up,1772903820221
Sreya,10,114,Down,1772903820389
Sreya,10,114,Up,1772903820469
Sreya,10,101,Down,1772903820597
Sreya,10,101,Up,1772903820677
Sreya,10,121,Down,1772903820957
Sreya,10,121,Up,1772903821037
Sreya,10,97,Down,1772903821325
Sreya,10,97,Up,1772903821413
Sreya,10,49,Down,1772903821621
Sreya,10,49,Up,1772903821686
Sreya,10,50,Down,1772903821853
Sreya,10,50,Up,1772903821917
Sreya,10,51,Down,1772903822086
Sreya,10,51,Up,1772903822165
Sreya,10,64,Down,1772903822590
Sreya,10,64,Up,1772903822669
